{
  "tiles": [
    "ttttttt",
    "tpwmwwt",
    "twbmwwt",
    "twwwwbt",
    "ttttttt"
  ],
  "settings": {
    "Held": {
      "public": true
    },
    "Knappe": {
      "public": true
    },
    "Monster": {
      "public": true
    },
    "Herz": {
      "public": true
    },
    "Tuer": {
      "public": true
    },
    "Zettel": {
      "public": true
    },
    "Villager": {
      "public": true
    },
    "Hindernis": {
      "public": true
    },
    "Schluessel": {
      "public": true
    },
    "Bogenschuetze": {
      "public": true
    },
    "orientations": {
      "1,1": "down"
    },
    "victory": {
      "rebuild_mode": false,
      "collect_hearts": false,
      "move_to": null,
      "classes_present": true
    },
    "initial_gold": 0,
    "quest_max_kosten": 0,
    "quest_mode": "none",
    "quest_items_needed": 0,
    "random_door": false,
    "random_keys": false,
    "class_requirements": {
      "Held": {
        "inherits": "None",
        "load_from_schueler": false,
        "load_from_klassen": true,
        "methods": [],
        "attributes": []
      },
      "Hindernis": {
        "inherits": "None",
        "load_from_schueler": false,
        "load_from_klassen": true,
        "methods": [
          "get_x",
          "get_y",
          "get_typ"
        ],
        "attributes": [],
        "attributes_private": {
          "x": true,
          "y": true,
          "typ": true
        }
      }
    }
  }
}