{
  "tiles": [
    "mwtt",
    "mpdh",
    "mwtt",
    "mwww"
  ],
  "settings": {
    "Held": {
      "public": false
    },
    "Knappe": {
      "public": false
    },
    "Monster": {
      "public": false
    },
    "Herz": {
      "public": false
    },
    "Tuer": {
      "public": false
    },
    "Code": {
      "public": false
    },
    "Villager": {
      "public": false
    },
    "Hindernis": {
      "public": false
    },
    "Schluessel": {
      "public": false
    },
    "Bogenschuetze": {
      "public": true
    },
    "orientations": {
      "1,1": "right"
    },
    "colors": {
      "2,1": "red"
    },
    "victory": {
      "collect_hearts": true,
      "move_to": null,
      "classes_present": false
    },
    "initial_gold": 0,
    "quest_max_kosten": 0,
    "quest_mode": "items",
    "quest_items_needed": 1,
    "random_door": false,
    "random_keys": false,
    "use_student_module": false,
    "student_classes_in_subfolder": false
  }
}