{
  "tiles": [
    "wwww",
    "wpww",
    "wwww",
    "wwww"
  ],
  "settings": {
    "Held": {
      "public": true
    },
    "Knappe": {
      "public": true
    },
    "Monster": {
      "public": true
    },
    "Herz": {
      "public": true
    },
    "Tuer": {
      "public": true
    },
    "Zettel": {
      "public": true
    },
    "Villager": {
      "public": true
    },
    "Hindernis": {
      "public": true
    },
    "Schluessel": {
      "public": true
    },
    "Bogenschuetze": {
      "public": true
    },
    "victory": {
      "collect_hearts": false,
      "move_to": null,
      "classes_present": true
    },
    "initial_gold": 0,
    "quest_max_kosten": 0,
    "quest_mode": "items",
    "quest_items_needed": 1,
    "random_door": false,
    "random_keys": false,
    "class_requirements": {
      "Held": {
        "inherits": "None",
        "load_from_schueler": true,
        "load_from_klassen": false,
        "methods": [],
        "attributes": [
          "x",
          "y",
          "richtung",
          "name",
          "weiblich",
          "typ"
        ]
      }
    }
  }
}