{
  "tiles": [
    "wwwwtw",
    "wpwwdh",
    "wwwwtw",
    "ssswtw"
  ],
  "settings": {
    "Held": {
      "public": true
    },
    "Knappe": {
      "public": true
    },
    "Monster": {
      "public": true
    },
    "Herz": {
      "public": true
    },
    "Tuer": {
      "public": true
    },
    "Code": {
      "public": true
    },
    "Villager": {
      "public": true
    },
    "Hindernis": {
      "public": true
    },
    "colors": {
      "4,1": "violet",
      "0,3": "green",
      "1,3": "violet",
      "2,3": "blue"
    },
    "victory": {
      "collect_hearts": true,
      "move_to": null,
      "classes_present": false
    },
    "initial_gold": 0,
    "quest_max_kosten": 0,
    "quest_mode": "items",
    "quest_items_needed": 1,
    "random_door": true,
    "random_keys": true,
    "use_student_module": false,
    "student_classes_in_subfolder": false
  }
}