{
  "tiles": [
    "bbbbbbbbwt",
    "bpwbwhhbtw",
    "bwwbbbbbwt",
    "bwKbwwwttt",
    "bbbbtttttw",
    "wtwtwttttw",
    "wthttwwwww",
    "wthtwtwtwt",
    "wttttwtwtt"
  ],
  "settings": {
    "Held": {
      "public": true
    },
    "Knappe": {
      "public": true
    },
    "Monster": {
      "public": true
    },
    "Herz": {
      "public": true
    },
    "Tuer": {
      "public": true
    },
    "Code": {
      "public": true
    },
    "Villager": {
      "public": true
    },
    "orientations": {
      "1,1": "right"
    }
  }
}