{
  "tiles": [
    "wwwwwwwww",
    "wtwxpkwww",
    "ttwwwwwww",
    "wtwwwwwww",
    "wwwwwwwww"
  ],
  "settings": {
    "Held": {
      "public": true
    },
    "Knappe": {
      "public": true
    },
    "Monster": {
      "public": true
    },
    "Herz": {
      "public": true
    },
    "Tuer": {
      "public": true
    },
    "Code": {
      "public": true
    },
    "Villager": {
      "public": true
    },
    "orientations": {
      "3,1": "left",
      "4,1": "right",
      "5,1": "up",
      "7,1": "up",
      "8,1": "right"
    }
  }
}