{
  "tiles": [
    "wwtwhwt",
    "wpttqtt",
    "wwwwwww",
    "vvwwwww",
    "wwwwwww"
  ],
  "settings": {
    "Held": {
      "public": true
    },
    "Knappe": {
      "public": true
    },
    "Monster": {
      "public": true
    },
    "Herz": {
      "public": true
    },
    "Tuer": {
      "public": true
    },
    "Code": {
      "public": true
    },
    "Villager": {
      "public": true
    },
    "Hindernis": {
      "public": true
    },
    "colors": {
      "4,1": "violet",
      "0,3": "green",
      "1,3": "violet",
      "2,3": "blue",
      "3,3": "golden",
      "0,2": "red"
    },
    "villagers": {
      "4,1": "female",
      "0,3": "male",
      "1,3": "female"
    },
    "victory": {
      "collect_hearts": true,
      "move_to": null,
      "classes_present": false
    },
    "initial_gold": 100,
    "quest_mode": "items",
    "quest_max_kosten": 40,
    "quest_items_needed": 1,
    "random_door": false,
    "random_keys": false,
    "use_student_module": false,
    "student_classes_in_subfolder": false
  }
}